<?xml version="1.0" encoding="UTF-8"?>
<rss version="2.0" xmlns:atom="http://www.w3.org/2005/Atom" xmlns:dc="http://purl.org/dc/elements/1.1/">
	<channel>
		<title>{ MF Affrodi }</title>
		<description>Blog and website of Muhamad Fajar Affrodi, blogging mainly for tech and life means. Opinions expressed are mine.</description>
		<link>https://mfaffrodi.github.io</link>
		<atom:link href="https://mfaffrodi.github.io/feed.xml" rel="self" type="application/rss+xml" />
		
			<item>
				<title>About MFAfrrodi</title>
				
				
					<description>&lt;p&gt;Muhamad Fajar, was born in 1989. The majority of his life were spent in Depok, West Java. His latest formal education is Bachelor Degree of Computer Science, University of Indonesia (Fasilkom UI) graduated in 2011.&lt;/p&gt;

&lt;p&gt;During his study on the college, this young thinkers involved in several intra and extra-campus organizations. On the Student Representative Council (DPM) on the faculty, on Muslim Association of alumni of SMAN 1 Depok (Salam 1 Depok), and on Islamic Indonesian Student Acceleration Foundation (Yayasan AISI).&lt;/p&gt;

&lt;p&gt;During his study on the college, this young man also won an Academic Achievement Scholarship (PPA) for two years in a row. Last organization that he involved after graduation from college is the Youth and Teen Activist of Masjid Al-Muhajirin (PRISMA) and mandated to became the chairman. First profession that he got after his graduation is become research assistant on embedded systems field in one of laboratory in Faculty of Computer Sciences, University of Indonesia. This profession makes Fajar have opportunity to attend several scientific conferences, the National Conference on Information Systems (KNSI) in Bali and the International Conference on Advances in Computer Science and Information System (ICACSIS) 2011 in Jakarta.&lt;/p&gt;

&lt;p&gt;On 2013 Fajar became Educational Improvement Facilitator under the auspices of Teach Indonesia Foundation (Yayasan Indonesia Mengajar). This job make him to became teacher on Elementary School in the remote area for one year and also became the ambassador of education in that area. Fajar now currently being a Head of RnD on the one of Growing Startup in Cartenz Group. Cartenz Group consisting of Startup that concern about improving local governments performance through Information Technology.&lt;/p&gt;

&lt;p&gt;One motto that always make him obsessed to contribute to the others is “The best man is the most beneficial to others”, and this words inspired him to say “The best of the algorithm is the most beneficial to others”.&lt;/p&gt;

</description>
				
				<pubDate>Wed, 29 Jul 2020 00:00:00 +0700</pubDate>
				<link>https://mfaffrodi.github.io/aboutme/2020/07/29/About.html</link>
				<guid isPermaLink="true">https://mfaffrodi.github.io/aboutme/2020/07/29/About.html</guid>
			</item>
		
			<item>
				<title>Welcome to MFAffrodi Blog!</title>
				
				
					<description>&lt;p&gt;Just trying a new way making blog using Jekyll&lt;/p&gt;
</description>
				
				<pubDate>Wed, 29 Jan 2020 00:00:00 +0700</pubDate>
				<link>https://mfaffrodi.github.io/tech/2020/01/29/Blog-baru-teknologi-baru-coba.html</link>
				<guid isPermaLink="true">https://mfaffrodi.github.io/tech/2020/01/29/Blog-baru-teknologi-baru-coba.html</guid>
			</item>
		
	</channel>
</rss>
